﻿<?xml version="1.0" encoding="utf-8"?>
<List xmlns:ows="Microsoft SharePoint" Title="Department" FolderCreation="FALSE" Direction="$Resources:Direction;" Url="Lists/Department" BaseType="0" xmlns="http://schemas.microsoft.com/sharepoint/">
  <MetaData>
    <ContentTypes>
      
      
    <ContentType ID="0x01006dc31186a6cc4dadb55d45f6410733d9" Name="ListFieldsContentType"><FieldRefs><FieldRef ID="{fa564e0f-0c70-4ab9-b863-0177e6ddd247}" Name="Title" /><FieldRef ID="{22bfa4ac-d49a-490e-bdc0-c8da3b93b772}" Name="DepartmentCode" /><FieldRef ID="{d018e195-b990-4c47-807f-826101a6b8d5}" Name="HOD" /><FieldRef ID="{4f72c63f-d393-4305-972b-28adb75ffd12}" Name="HODEmail" /><FieldRef ID="{64b89cdf-a197-4510-b620-afec4e2ac2b8}" Name="DepartmentDescription" /><FieldRef ID="{525dd0b1-b034-4a65-af6c-17edefff5353}" Name="IsApprover" /></FieldRefs></ContentType><ContentTypeRef ID="0x01">
        <Folder TargetName="Item" />
      </ContentTypeRef><ContentTypeRef ID="0x0120" /></ContentTypes>
    <Fields>
      
    <Field ID="{fa564e0f-0c70-4ab9-b863-0177e6ddd247}" Type="Text" Name="Title" DisplayName="Department" Required="FALSE" SourceID="http://schemas.microsoft.com/sharepoint/v3" StaticName="Title" MaxLength="255" /><Field Name="DepartmentCode" ID="{22bfa4ac-d49a-490e-bdc0-c8da3b93b772}" DisplayName="DepartmentCode" Type="Text" /><Field Name="HOD" ID="{d018e195-b990-4c47-807f-826101a6b8d5}" DisplayName="HOD" Type="Text" /><Field Name="HODEmail" ID="{4f72c63f-d393-4305-972b-28adb75ffd12}" DisplayName="HODEmail" Type="Text" /><Field Name="DepartmentDescription" ID="{64b89cdf-a197-4510-b620-afec4e2ac2b8}" DisplayName="DepartmentDescription" Type="Note" /><Field Name="IsApprover" ID="{525dd0b1-b034-4a65-af6c-17edefff5353}" DisplayName="IsApprover" Type="Boolean" /></Fields>
    <Views>
      
      
    <View BaseViewID="0" Type="HTML" MobileView="TRUE" TabularView="FALSE">
        <Toolbar Type="Standard" />
        <XslLink Default="TRUE">main.xsl</XslLink>
        <RowLimit Paged="TRUE">30</RowLimit>
        <ViewFields>
          
        <FieldRef Name="LinkTitleNoMenu"></FieldRef></ViewFields>
        <Query>
          <OrderBy>
            
          <FieldRef Name="Modified" Ascending="FALSE"></FieldRef></OrderBy>
        </Query>
        <ParameterBindings>
          <ParameterBinding Name="AddNewAnnouncement" Location="Resource(wss,addnewitem)" />
          <ParameterBinding Name="NoAnnouncements" Location="Resource(wss,noXinviewofY_LIST)" />
          <ParameterBinding Name="NoAnnouncementsHowTo" Location="Resource(wss,noXinviewofY_ONET_HOME)" />
        </ParameterBindings>
      </View><View BaseViewID="1" Type="HTML" WebPartZoneID="Main" DisplayName="$Resources:core,objectiv_schema_mwsidcamlidC24;" DefaultView="TRUE" MobileView="TRUE" MobileDefaultView="TRUE" SetupPath="pages\viewpage.aspx" ImageUrl="/_layouts/15/images/generic.png?rev=23" Url="AllItems.aspx">
        <Toolbar Type="Standard" />
        <XslLink Default="TRUE">main.xsl</XslLink>
        <JSLink>clienttemplates.js</JSLink>
        <RowLimit Paged="TRUE">100</RowLimit>
        <ViewFields>
          
        <FieldRef Name="Title" /><FieldRef Name="DepartmentCode" /><FieldRef Name="DepartmentDescription" /><FieldRef Name="HOD" /><FieldRef Name="HODEmail" /><FieldRef Name="IsApprover" /></ViewFields>
        <Query>
          <OrderBy>
            
          <FieldRef Name="ID"></FieldRef></OrderBy>
        </Query>
        <ParameterBindings>
          <ParameterBinding Name="NoAnnouncements" Location="Resource(wss,noXinviewofY_LIST)" />
          <ParameterBinding Name="NoAnnouncementsHowTo" Location="Resource(wss,noXinviewofY_DEFAULT)" />
        </ParameterBindings>
      </View></Views>
    <Forms>
      <Form Type="DisplayForm" Url="DispForm.aspx" SetupPath="pages\form.aspx" WebPartZoneID="Main" />
      <Form Type="EditForm" Url="EditForm.aspx" SetupPath="pages\form.aspx" WebPartZoneID="Main" />
      <Form Type="NewForm" Url="NewForm.aspx" SetupPath="pages\form.aspx" WebPartZoneID="Main" />
    </Forms>
  </MetaData>
</List>