﻿<?xml version="1.0" encoding="utf-8"?>
<Solution xmlns="http://schemas.microsoft.com/sharepoint/" SolutionId="d7b0ff48-7d55-4be3-b697-3b7075bb5980" SharePointProductVersion="15.0">
  <Assemblies>
    <Assembly Location="SL.FG.PFL.dll" DeploymentTarget="GlobalAssemblyCache">
      <SafeControls>
        <SafeControl Assembly="SL.FG.PFL, Version=1.0.0.0, Culture=neutral, PublicKeyToken=2e1094285b7ab075" Namespace="SL.FG.PFL.WebParts.MSAForm" TypeName="*" />
        <SafeControl Assembly="SL.FG.PFL, Version=1.0.0.0, Culture=neutral, PublicKeyToken=2e1094285b7ab075" Namespace="SL.FG.PFL.WebParts.MSARecommendationForm" TypeName="*" />
        <SafeControl Assembly="SL.FG.PFL, Version=1.0.0.0, Culture=neutral, PublicKeyToken=2e1094285b7ab075" Namespace="SL.FG.PFL.WebParts.WorkQueue" TypeName="*" />
        <SafeControl Assembly="SL.FG.PFL, Version=1.0.0.0, Culture=neutral, PublicKeyToken=2e1094285b7ab075" Namespace="SL.FG.PFL.WebParts.AddEventsToMSASchedule" TypeName="*" />
        <SafeControl Assembly="SL.FG.PFL, Version=1.0.0.0, Culture=neutral, PublicKeyToken=2e1094285b7ab075" Namespace="SL.FG.PFL.WebParts.IRAForm" TypeName="*" />
        <SafeControl Assembly="SL.FG.PFL, Version=1.0.0.0, Culture=neutral, PublicKeyToken=2e1094285b7ab075" Namespace="SL.FG.PFL.WebParts.IRBForm" TypeName="*" />
        <SafeControl Assembly="SL.FG.PFL, Version=1.0.0.0, Culture=neutral, PublicKeyToken=2e1094285b7ab075" Namespace="SL.FG.PFL.WebParts.IRRecommendationForm" TypeName="*" />
      </SafeControls>
    </Assembly>
  </Assemblies>
  <TemplateFiles>
    <TemplateFile Location="CONTROLTEMPLATES\SL.FG.PFL.WebParts\MSAForm\MSAFormUserControl.ascx" />
    <TemplateFile Location="CONTROLTEMPLATES\SL.FG.PFL.WebParts\MSARecommendationForm\MSARecommendationFormUserControl.ascx" />
    <TemplateFile Location="CONTROLTEMPLATES\SL.FG.PFL.WebParts\WorkQueue\WorkQueueUserControl.ascx" />
    <TemplateFile Location="CONTROLTEMPLATES\SL.FG.PFL.WebParts\AddEventsToMSASchedule\AddEventsToMSAScheduleUserControl.ascx" />
    <TemplateFile Location="CONTROLTEMPLATES\SL.FG.PFL.WebParts\IRAForm\IRAFormUserControl.ascx" />
    <TemplateFile Location="CONTROLTEMPLATES\SL.FG.PFL.WebParts\IRBForm\IRBFormUserControl.ascx" />
    <TemplateFile Location="CONTROLTEMPLATES\SL.FG.PFL.WebParts\IRRecommendationForm\IRRecommendationFormUserControl.ascx" />
    <TemplateFile Location="Layouts\SL.FG.PFL\CSS\fonts\glyphicons-halflings-regular.eot" />
    <TemplateFile Location="Layouts\SL.FG.PFL\CSS\fonts\glyphicons-halflings-regular.ttf" />
    <TemplateFile Location="Layouts\SL.FG.PFL\CSS\fonts\glyphicons-halflings-regular.woff" />
    <TemplateFile Location="Layouts\SL.FG.PFL\External\slider\fonts\flexslider-icon.eot" />
    <TemplateFile Location="Layouts\SL.FG.PFL\External\slider\fonts\flexslider-icon.ttf" />
    <TemplateFile Location="Layouts\SL.FG.PFL\External\slider\fonts\flexslider-icon.woff" />
    <TemplateFile Location="Layouts\SL.FG.PFL\CSS\BS3\bootstrap2-custom.css" />
    <TemplateFile Location="Layouts\SL.FG.PFL\CSS\BS3\bootstrap2-custom.min.css" />
    <TemplateFile Location="Layouts\SL.FG.PFL\CSS\BS3\bootstrap3-custom.css" />
    <TemplateFile Location="Layouts\SL.FG.PFL\CSS\BS3\bootstrap3-custom.min.css" />
    <TemplateFile Location="Layouts\SL.FG.PFL\CSS\BS3\bootstrap3-theme.css" />
    <TemplateFile Location="Layouts\SL.FG.PFL\CSS\BS3\bootstrap3-theme.min.css" />
    <TemplateFile Location="Layouts\SL.FG.PFL\CSS\BS3\bootstrap3.css" />
    <TemplateFile Location="Layouts\SL.FG.PFL\CSS\BS3\bootstrap3.min.css" />
    <TemplateFile Location="Layouts\SL.FG.PFL\CSS\BS3\sp-responsive.css" />
    <TemplateFile Location="Layouts\SL.FG.PFL\CSS\FGStyle.css" />
    <TemplateFile Location="Layouts\SL.FG.PFL\CSS\fonts\glyphicons-halflings-regular.svg" />
    <TemplateFile Location="Layouts\SL.FG.PFL\CSS\Style.css" />
    <TemplateFile Location="Layouts\SL.FG.PFL\External\news\news.css" />
    <TemplateFile Location="Layouts\SL.FG.PFL\External\news\vertical.news.slider.css" />
    <TemplateFile Location="Layouts\SL.FG.PFL\External\news\vertical.news.slider.js" />
    <TemplateFile Location="Layouts\SL.FG.PFL\External\perfect-scrollbar\jquery.mousewheel.js" />
    <TemplateFile Location="Layouts\SL.FG.PFL\External\perfect-scrollbar\perfect-scrollbar.css" />
    <TemplateFile Location="Layouts\SL.FG.PFL\External\perfect-scrollbar\perfect-scrollbar.js" />
    <TemplateFile Location="Layouts\SL.FG.PFL\External\slider\flexslider.css" />
    <TemplateFile Location="Layouts\SL.FG.PFL\External\slider\fonts\flexslider-icon.svg" />
    <TemplateFile Location="Layouts\SL.FG.PFL\External\slider\jquery.flexslider.js" />
    <TemplateFile Location="Layouts\SL.FG.PFL\Scripts\BS3\bootstrap3-custom.js" />
    <TemplateFile Location="Layouts\SL.FG.PFL\Scripts\BS3\bootstrap3.js" />
    <TemplateFile Location="Layouts\SL.FG.PFL\Scripts\BS3\bootstrap3.min.js" />
    <TemplateFile Location="Layouts\SL.FG.PFL\Scripts\BS3\jquery-1.9.1.js" />
    <TemplateFile Location="Layouts\SL.FG.PFL\Scripts\IRB\IRBForm.js" />
    <TemplateFile Location="Layouts\SL.FG.PFL\Scripts\IRB\IRBForm_JSOM.js" />
    <TemplateFile Location="Layouts\SL.FG.PFL\Scripts\jQuery.js" />
    <TemplateFile Location="Layouts\SL.FG.PFL\Scripts\MicrosoftAjax.js" />
    <TemplateFile Location="Layouts\SL.FG.PFL\Scripts\MSA\MSAForm.js" />
    <TemplateFile Location="Layouts\SL.FG.PFL\Scripts\MSA\MSAForm_JSOM.js" />
    <TemplateFile Location="Layouts\SL.FG.PFL\Scripts\MSA\pwcal2013.txt" />
    <TemplateFile Location="Layouts\SL.FG.PFL\Scripts\WorkQueue\WorkQueue.js" />
  </TemplateFiles>
  <FeatureManifests>
    <FeatureManifest Location="SL.FG.PFL_Feature1\Feature.xml" />
  </FeatureManifests>
</Solution>
