﻿<?xml version="1.0" encoding="utf-8"?>
<Elements xmlns="http://schemas.microsoft.com/sharepoint/">
  <Receivers ListTemplateId="100008">
      <Receiver>
        <Name>AddLinkToMSAItemAdded</Name>
        <Type>ItemAdded</Type>
        <Assembly>SL.FG.PFL, Version=1.0.0.0, Culture=neutral, PublicKeyToken=2e1094285b7ab075</Assembly>
        <Class>SL.FG.PFL.EventReceivers.AddLinkToMSA.AddLinkToMSA</Class>
        <SequenceNumber>10000</SequenceNumber>
      </Receiver>
  </Receivers>
</Elements>
