﻿<?xml version="1.0" encoding="utf-8"?>
<List xmlns:ows="Microsoft SharePoint" Title="IRB" FolderCreation="FALSE" Direction="$Resources:Direction;" Url="Lists/IRB" BaseType="0" xmlns="http://schemas.microsoft.com/sharepoint/">
  <MetaData>
    <ContentTypes>
      
      
    <ContentType ID="0x010028977ec2db2a427986c9748f446d8921" Name="ListFieldsContentType"><FieldRefs><FieldRef ID="{fa564e0f-0c70-4ab9-b863-0177e6ddd247}" Name="Title" /><FieldRef ID="{5d855c75-c00b-44b2-9d8c-9d005024a56d}" Name="FlashReportID" /><FieldRef ID="{7e3df00e-0a00-40dc-9396-7eb0c33e1388}" Name="SequenceOfEvents" /><FieldRef ID="{c1c894ad-8deb-4b2e-a718-1f126527cdc3}" Name="FactsLeadingToConclusion" /><FieldRef ID="{fcef5ffb-383a-44a8-bd71-185d42532e9e}" Name="SuggestionsForImprovements" /><FieldRef ID="{3dc821bf-7330-41aa-be9c-7bf016c78f03}" Name="Conclusion" /><FieldRef ID="{e6246f19-3bcc-4fa4-848d-9cfb04aa4291}" Name="HSEApprover" /><FieldRef ID="{0471a800-1e28-4811-8e9c-e19edf76a4aa}" Name="HSEComments" /><FieldRef ID="{cc73d741-6785-4cdf-9302-b28095637c9e}" Name="IRRCQualityScore" /><FieldRef ID="{30bea6ac-8d3f-4732-bf9d-de0de175edc4}" Name="QualityAssessedBy" /><FieldRef ID="{7443d6ab-ecca-47a3-8c3b-2757bdcf4590}" Name="Assignee" /><FieldRef ID="{ce81a30d-5ee6-4de5-8d2a-41ff59351aa4}" Name="AssigneeEmail" /><FieldRef ID="{a867d7db-b5b9-42ac-9ce9-8dc5fe5d00de}" Name="IncidentDescription" /><FieldRef ID="{596883fc-cf34-4582-8c7c-798d3f61208b}" Name="IsSubmitted" /><FieldRef ID="{23945686-7e8d-44ec-9ac7-d9336881bfa3}" Name="IsApproved" /><FieldRef ID="{9202497d-e63b-4eaa-8f81-ddfc9e74ddc8}" Name="IsClosed" /><FieldRef ID="{994d3ad5-bf7b-4fcc-a242-7106ce084e33}" Name="IsSavedAsDraft" /><FieldRef ID="{af9438a8-0871-4770-b75b-b0399101c43c}" Name="ApprovalDate1" /><FieldRef ID="{3a1f4f1c-217c-4cf8-8d1b-4b10a6f2722f}" Name="ReportDueOnDate" /><FieldRef ID="{527caf40-879a-48df-a465-fd7e4acb9d41}" Name="IncidentTitle" /><FieldRef ID="{0d4dd67e-a06e-4197-9137-d3efad233e08}" Name="BasicActivityInProgress" /><FieldRef ID="{20040658-68de-41f8-9e1a-75cc5c77cb83}" Name="CauseOfIncidentPR" /><FieldRef ID="{821f2284-2f55-45c3-919e-6d91867b32bd}" Name="CauseOfIncidentER" /><FieldRef ID="{ec19b672-6993-4113-97e1-7880f8b8adc9}" Name="SupervisionAtTimeOfIncident" /><FieldRef ID="{d4ae026c-2330-4a62-9436-7a03403bdf95}" Name="RelatedCausesProcR" /><FieldRef ID="{16071d81-b3c4-44d0-b10b-bc2938c6a13d}" Name="RelatedCausesPermR" /><FieldRef ID="{5f795468-4849-4f56-8354-42154561c72c}" Name="PSMsViolated" /><FieldRef ID="{6af6db1a-9bcc-4c9c-a0f6-08fad91f321d}" Name="ResultantEffect" /><FieldRef ID="{9a136ce9-8dd7-4cdf-9b89-df6b13931b60}" Name="RecommendFurtherInvestigations" /><FieldRef ID="{1be01b4e-20ae-4d04-92c6-af9fbf52fc78}" Name="ConcurrenceOfRP" /></FieldRefs></ContentType><ContentTypeRef ID="0x01">
        <Folder TargetName="Item" />
      </ContentTypeRef><ContentTypeRef ID="0x0120" /></ContentTypes>
    <Fields>
      
    <Field ID="{fa564e0f-0c70-4ab9-b863-0177e6ddd247}" Type="Text" Name="Title" DisplayName="$Resources:core,Title;" Required="FALSE" SourceID="http://schemas.microsoft.com/sharepoint/v3" StaticName="Title" MaxLength="255" /><Field Name="FlashReportID" ID="{5d855c75-c00b-44b2-9d8c-9d005024a56d}" DisplayName="FlashReportID" Type="Text" /><Field Name="SequenceOfEvents" ID="{7e3df00e-0a00-40dc-9396-7eb0c33e1388}" DisplayName="SequenceOfEvents" Type="Note" /><Field Name="FactsLeadingToConclusion" ID="{c1c894ad-8deb-4b2e-a718-1f126527cdc3}" DisplayName="FactsLeadingToConclusion" Type="Note" /><Field Name="SuggestionsForImprovements" ID="{fcef5ffb-383a-44a8-bd71-185d42532e9e}" DisplayName="SuggestionsForImprovements" Type="Note" /><Field Name="Conclusion" ID="{3dc821bf-7330-41aa-be9c-7bf016c78f03}" DisplayName="Conclusion" Type="Note" /><Field Name="HSEApprover" ID="{e6246f19-3bcc-4fa4-848d-9cfb04aa4291}" DisplayName="HSEApprover" Type="Text" /><Field Name="HSEComments" ID="{0471a800-1e28-4811-8e9c-e19edf76a4aa}" DisplayName="HSEComments" Type="Note" /><Field Name="IRRCQualityScore" ID="{cc73d741-6785-4cdf-9302-b28095637c9e}" DisplayName="IRRCQualityScore" Type="Text" /><Field Name="QualityAssessedBy" ID="{30bea6ac-8d3f-4732-bf9d-de0de175edc4}" DisplayName="QualityAssessedBy" Type="Note" /><Field Name="Assignee" ID="{7443d6ab-ecca-47a3-8c3b-2757bdcf4590}" DisplayName="Assignee" Type="Note" /><Field Name="AssigneeEmail" ID="{ce81a30d-5ee6-4de5-8d2a-41ff59351aa4}" DisplayName="AssigneeEmail" Type="Note" /><Field Name="IncidentDescription" ID="{a867d7db-b5b9-42ac-9ce9-8dc5fe5d00de}" DisplayName="IncidentDescription" Type="Note" /><Field Name="IsSubmitted" ID="{596883fc-cf34-4582-8c7c-798d3f61208b}" DisplayName="IsSubmitted" Type="Boolean" /><Field Name="IsApproved" ID="{23945686-7e8d-44ec-9ac7-d9336881bfa3}" DisplayName="IsApproved" Type="Boolean" /><Field Name="IsClosed" ID="{9202497d-e63b-4eaa-8f81-ddfc9e74ddc8}" DisplayName="IsClosed" Type="Boolean" /><Field Name="IsSavedAsDraft" ID="{994d3ad5-bf7b-4fcc-a242-7106ce084e33}" DisplayName="IsSavedAsDraft" Type="Boolean" /><Field Name="ApprovalDate1" ID="{af9438a8-0871-4770-b75b-b0399101c43c}" DisplayName="ApprovalDate1" Type="DateTime" /><Field Name="ReportDueOnDate" ID="{3a1f4f1c-217c-4cf8-8d1b-4b10a6f2722f}" DisplayName="ReportDueOnDate" Type="DateTime" /><Field Name="IncidentTitle" ID="{527caf40-879a-48df-a465-fd7e4acb9d41}" DisplayName="IncidentTitle" Type="Text" /><Field Name="BasicActivityInProgress" ID="{0d4dd67e-a06e-4197-9137-d3efad233e08}" DisplayName="BasicActivityInProgress" Type="Note" /><Field Name="CauseOfIncidentPR" ID="{20040658-68de-41f8-9e1a-75cc5c77cb83}" DisplayName="CauseOfIncidentPR" Type="Note" /><Field Name="CauseOfIncidentER" ID="{821f2284-2f55-45c3-919e-6d91867b32bd}" DisplayName="CauseOfIncidentER" Type="Note" /><Field Name="SupervisionAtTimeOfIncident" ID="{ec19b672-6993-4113-97e1-7880f8b8adc9}" DisplayName="SupervisionAtTimeOfIncident" Type="Note" /><Field Name="RelatedCausesProcR" ID="{d4ae026c-2330-4a62-9436-7a03403bdf95}" DisplayName="RelatedCausesProcR" Type="Note" /><Field Name="RelatedCausesPermR" ID="{16071d81-b3c4-44d0-b10b-bc2938c6a13d}" DisplayName="RelatedCausesPermR" Type="Note" /><Field Name="PSMsViolated" ID="{5f795468-4849-4f56-8354-42154561c72c}" DisplayName="PSMsViolated" Type="Note" /><Field Name="ResultantEffect" ID="{6af6db1a-9bcc-4c9c-a0f6-08fad91f321d}" DisplayName="ResultantEffect" Type="Note" /><Field Name="RecommendFurtherInvestigations" ID="{9a136ce9-8dd7-4cdf-9b89-df6b13931b60}" DisplayName="RecommendFurtherInvestigations" Type="Boolean" /><Field Name="ConcurrenceOfRP" ID="{1be01b4e-20ae-4d04-92c6-af9fbf52fc78}" DisplayName="ConcurrenceOfRP" Type="Boolean" /></Fields>
    <Views>
      
      
    <View BaseViewID="0" Type="HTML" MobileView="TRUE" TabularView="FALSE">
        <Toolbar Type="Standard" />
        <XslLink Default="TRUE">main.xsl</XslLink>
        <RowLimit Paged="TRUE">30</RowLimit>
        <ViewFields>
          
        <FieldRef Name="LinkTitleNoMenu"></FieldRef></ViewFields>
        <Query>
          <OrderBy>
            
          <FieldRef Name="Modified" Ascending="FALSE"></FieldRef></OrderBy>
        </Query>
        <ParameterBindings>
          <ParameterBinding Name="AddNewAnnouncement" Location="Resource(wss,addnewitem)" />
          <ParameterBinding Name="NoAnnouncements" Location="Resource(wss,noXinviewofY_LIST)" />
          <ParameterBinding Name="NoAnnouncementsHowTo" Location="Resource(wss,noXinviewofY_ONET_HOME)" />
        </ParameterBindings>
      </View><View BaseViewID="1" Type="HTML" WebPartZoneID="Main" DisplayName="$Resources:core,objectiv_schema_mwsidcamlidC24;" DefaultView="TRUE" MobileView="TRUE" MobileDefaultView="TRUE" SetupPath="pages\viewpage.aspx" ImageUrl="/_layouts/15/images/generic.png?rev=23" Url="AllItems.aspx">
        <Toolbar Type="Standard" />
        <XslLink Default="TRUE">main.xsl</XslLink>
        <JSLink>clienttemplates.js</JSLink>
        <RowLimit Paged="TRUE">30</RowLimit>
        <ViewFields>
          
        <FieldRef Name="LinkTitle"></FieldRef><FieldRef Name="FlashReportID" /><FieldRef Name="SequenceOfEvents" /><FieldRef Name="FactsLeadingToConclusion" /><FieldRef Name="SuggestionsForImprovements" /><FieldRef Name="Conclusion" /><FieldRef Name="HSEApprover" /><FieldRef Name="HSEComments" /><FieldRef Name="IRRCQualityScore" /><FieldRef Name="QualityAssessedBy" /><FieldRef Name="Assignee" /><FieldRef Name="AssigneeEmail" /><FieldRef Name="IncidentDescription" /><FieldRef Name="IsSubmitted" /><FieldRef Name="IsApproved" /><FieldRef Name="IsClosed" /><FieldRef Name="IsSavedAsDraft" /><FieldRef Name="ApprovalDate1" /><FieldRef Name="ReportDueOnDate" /><FieldRef Name="IncidentTitle" /><FieldRef Name="BasicActivityInProgress" /><FieldRef Name="CauseOfIncidentPR" /><FieldRef Name="CauseOfIncidentER" /><FieldRef Name="SupervisionAtTimeOfIncident" /><FieldRef Name="RelatedCausesProcR" /><FieldRef Name="RelatedCausesPermR" /><FieldRef Name="PSMsViolated" /><FieldRef Name="ResultantEffect" /><FieldRef Name="RecommendFurtherInvestigations" /><FieldRef Name="ConcurrenceOfRP" /></ViewFields>
        <Query>
          <OrderBy>
            
          <FieldRef Name="ID"></FieldRef></OrderBy>
        </Query>
        <ParameterBindings>
          <ParameterBinding Name="NoAnnouncements" Location="Resource(wss,noXinviewofY_LIST)" />
          <ParameterBinding Name="NoAnnouncementsHowTo" Location="Resource(wss,noXinviewofY_DEFAULT)" />
        </ParameterBindings>
      </View></Views>
    <Forms>
      <Form Type="DisplayForm" Url="DispForm.aspx" SetupPath="pages\form.aspx" WebPartZoneID="Main" />
      <Form Type="EditForm" Url="EditForm.aspx" SetupPath="pages\form.aspx" WebPartZoneID="Main" />
      <Form Type="NewForm" Url="NewForm.aspx" SetupPath="pages\form.aspx" WebPartZoneID="Main" />
    </Forms>
  </MetaData>
</List>