﻿<?xml version="1.0" encoding="utf-8"?>
<List xmlns:ows="Microsoft SharePoint" Title="MSARecommendation" FolderCreation="FALSE" Direction="$Resources:Direction;" Url="Lists/MSARecommendation" BaseType="0" xmlns="http://schemas.microsoft.com/sharepoint/">
  <MetaData>
    <ContentTypes>
      
      
    <ContentType ID="0x0100560e2fbbb14644fd8ba659ca03eda6a3" Name="ListFieldsContentType"><FieldRefs><FieldRef ID="{fa564e0f-0c70-4ab9-b863-0177e6ddd247}" Name="Title" /><FieldRef ID="{4901bdec-6337-430a-bb50-9b0e9f3fddab}" Name="MSAID" /><FieldRef ID="{06bd1c25-3970-4577-9ed2-0238bc11f5fc}" Name="RecommendationNo" /><FieldRef ID="{d33f06aa-d428-4718-b9ff-120fde6783bc}" Name="ResponsiblePerson" /><FieldRef ID="{aa26c97d-fcdc-4829-b9b0-c812a41e63ff}" Name="ResponsibleDepartment" /><FieldRef ID="{9f2e8d30-7f0f-4651-9441-90eec1411e35}" Name="ResponsibleSection" /><FieldRef ID="{fc40f560-05c3-4974-a7c6-3c148b566e8c}" Name="TypeOfVoilation" /><FieldRef ID="{2749c6b1-1908-4d3d-89b6-d2093d3c7de4}" Name="InjuryClass" /><FieldRef ID="{e730aaa7-a5d9-43cc-b7a8-4f9ab62c5a9a}" Name="ObservationCategory" /><FieldRef ID="{1ee07631-55a4-4c4f-850a-4d5c6d3bf2e4}" Name="ObservationSubcategory" /><FieldRef ID="{747c418d-466e-409e-967c-da97e924abae}" Name="ConsentTaken" /><FieldRef ID="{0d3d216d-9e8b-4a1a-be49-a0863576bf59}" Name="TargetDate" /><FieldRef ID="{d9ed5527-39b0-4b88-9116-74147c906da1}" Name="Status" /><FieldRef ID="{874a4483-3c80-45b7-a3b7-eccb142d1c5a}" Name="MSARecommendationDescription" /><FieldRef ID="{a7a39786-8736-4978-b0a6-eff5378ccae1}" Name="Assignee" /><FieldRef ID="{54c29ac9-1c9e-4175-811e-3c97cba6897c}" Name="IsSavedAsDraft" /><FieldRef ID="{c8ff0005-8a6e-4a16-82be-02c6321a3f13}" Name="AssigneeEmail" /><FieldRef ID="{84a50ebd-0e9f-4a1d-8118-a4882a6f57c4}" Name="LastStatement" /><FieldRef ID="{345d6f89-6462-4fae-9496-be31a1954287}" Name="ClosureJustification" /><FieldRef ID="{4bb57673-487f-4dc0-8ccf-3e69183c20bd}" Name="ClosureDate" /><FieldRef ID="{d8a73f0d-d84c-495e-a28f-5e5c7dde7ac0}" Name="ApprovedBy" /><FieldRef ID="{fb59adb4-5f2d-4bf7-b107-a05eaefde374}" Name="ObservationSpot" /></FieldRefs></ContentType><ContentTypeRef ID="0x01">
        <Folder TargetName="Item" />
      </ContentTypeRef><ContentTypeRef ID="0x0120" /></ContentTypes>
    <Fields>
      
    <Field ID="{fa564e0f-0c70-4ab9-b863-0177e6ddd247}" Type="Text" Name="Title" DisplayName="$Resources:core,Title;" Required="FALSE" SourceID="http://schemas.microsoft.com/sharepoint/v3" StaticName="Title" MaxLength="255" /><Field Name="MSAID" ID="{4901bdec-6337-430a-bb50-9b0e9f3fddab}" DisplayName="MSAID" Type="Number" /><Field Name="RecommendationNo" ID="{06bd1c25-3970-4577-9ed2-0238bc11f5fc}" DisplayName="RecommendationNo" Type="Text" /><Field Name="ResponsiblePerson" ID="{d33f06aa-d428-4718-b9ff-120fde6783bc}" DisplayName="ResponsiblePerson" Type="Text" /><Field Name="ResponsibleDepartment" ID="{aa26c97d-fcdc-4829-b9b0-c812a41e63ff}" DisplayName="ResponsibleDepartment" Type="Number" /><Field Name="ResponsibleSection" ID="{9f2e8d30-7f0f-4651-9441-90eec1411e35}" DisplayName="ResponsibleSection" Type="Number" /><Field Name="TypeOfVoilation" ID="{fc40f560-05c3-4974-a7c6-3c148b566e8c}" DisplayName="TypeOfVoilation" Type="Text" /><Field Name="InjuryClass" ID="{2749c6b1-1908-4d3d-89b6-d2093d3c7de4}" DisplayName="InjuryClass" Type="Text" /><Field Name="ObservationCategory" ID="{e730aaa7-a5d9-43cc-b7a8-4f9ab62c5a9a}" DisplayName="ObservationCategory" Type="Text" /><Field Name="ObservationSubcategory" ID="{1ee07631-55a4-4c4f-850a-4d5c6d3bf2e4}" DisplayName="ObservationSubcategory" Type="Text" /><Field Name="ConsentTaken" ID="{747c418d-466e-409e-967c-da97e924abae}" DisplayName="ConsentTaken" Type="Text" /><Field Name="TargetDate" ID="{0d3d216d-9e8b-4a1a-be49-a0863576bf59}" DisplayName="TargetDate" Type="DateTime" /><Field Name="Status" ID="{d9ed5527-39b0-4b88-9116-74147c906da1}" DisplayName="Status" Type="Text" /><Field Name="MSARecommendationDescription" ID="{874a4483-3c80-45b7-a3b7-eccb142d1c5a}" DisplayName="MSARecommendationDescription" Type="Note" /><Field Name="Assignee" ID="{a7a39786-8736-4978-b0a6-eff5378ccae1}" DisplayName="Assignee" Type="Text" /><Field Name="IsSavedAsDraft" ID="{54c29ac9-1c9e-4175-811e-3c97cba6897c}" DisplayName="IsSavedAsDraft" Type="Boolean" /><Field Name="AssigneeEmail" ID="{c8ff0005-8a6e-4a16-82be-02c6321a3f13}" DisplayName="AssigneeEmail" Type="Text" /><Field Name="LastStatement" ID="{84a50ebd-0e9f-4a1d-8118-a4882a6f57c4}" DisplayName="LastStatement" Type="Note" /><Field Name="ClosureJustification" ID="{345d6f89-6462-4fae-9496-be31a1954287}" DisplayName="ClosureJustification" Type="Note" /><Field Name="ClosureDate" ID="{4bb57673-487f-4dc0-8ccf-3e69183c20bd}" DisplayName="ClosureDate" Type="DateTime" /><Field Name="ApprovedBy" ID="{d8a73f0d-d84c-495e-a28f-5e5c7dde7ac0}" DisplayName="ApprovedBy" Type="Text" /><Field Name="ObservationSpot" ID="{fb59adb4-5f2d-4bf7-b107-a05eaefde374}" DisplayName="ObservationSpot" Type="Boolean" /></Fields>
    <Views>
      
      
    <View BaseViewID="0" Type="HTML" MobileView="TRUE" TabularView="FALSE">
        <Toolbar Type="Standard" />
        <XslLink Default="TRUE">main.xsl</XslLink>
        <RowLimit Paged="TRUE">30</RowLimit>
        <ViewFields>
          
        <FieldRef Name="LinkTitleNoMenu"></FieldRef></ViewFields>
        <Query>
          <OrderBy>
            
          <FieldRef Name="Modified" Ascending="FALSE"></FieldRef></OrderBy>
        </Query>
        <ParameterBindings>
          <ParameterBinding Name="AddNewAnnouncement" Location="Resource(wss,addnewitem)" />
          <ParameterBinding Name="NoAnnouncements" Location="Resource(wss,noXinviewofY_LIST)" />
          <ParameterBinding Name="NoAnnouncementsHowTo" Location="Resource(wss,noXinviewofY_ONET_HOME)" />
        </ParameterBindings>
      </View><View BaseViewID="1" Type="HTML" WebPartZoneID="Main" DisplayName="$Resources:core,objectiv_schema_mwsidcamlidC24;" DefaultView="TRUE" MobileView="TRUE" MobileDefaultView="TRUE" SetupPath="pages\viewpage.aspx" ImageUrl="/_layouts/15/images/generic.png?rev=23" Url="AllItems.aspx">
        <Toolbar Type="Standard" />
        <XslLink Default="TRUE">main.xsl</XslLink>
        <JSLink>clienttemplates.js</JSLink>
        <RowLimit Paged="TRUE">100</RowLimit>
        <ViewFields>
          
        <FieldRef Name="MSAID" /><FieldRef Name="RecommendationNo" /><FieldRef Name="ResponsiblePerson" /><FieldRef Name="ResponsibleDepartment" /><FieldRef Name="ResponsibleSection" /><FieldRef Name="TypeOfVoilation" /><FieldRef Name="InjuryClass" /><FieldRef Name="ObservationCategory" /><FieldRef Name="ObservationSubcategory" /><FieldRef Name="ConsentTaken" /><FieldRef Name="ObservationSpot" /><FieldRef Name="TargetDate" /><FieldRef Name="Status" /><FieldRef Name="MSARecommendationDescription" /><FieldRef Name="Assignee" /><FieldRef Name="IsSavedAsDraft" /><FieldRef Name="AssigneeEmail" /><FieldRef Name="LastStatement" /><FieldRef Name="ClosureJustification" /><FieldRef Name="ClosureDate" /><FieldRef Name="ApprovedBy" /></ViewFields>
        <Query>
          <OrderBy>
            
          <FieldRef Name="ID"></FieldRef></OrderBy>
        </Query>
        <ParameterBindings>
          <ParameterBinding Name="NoAnnouncements" Location="Resource(wss,noXinviewofY_LIST)" />
          <ParameterBinding Name="NoAnnouncementsHowTo" Location="Resource(wss,noXinviewofY_DEFAULT)" />
        </ParameterBindings>
      </View></Views>
    <Forms>
      <Form Type="DisplayForm" Url="DispForm.aspx" SetupPath="pages\form.aspx" WebPartZoneID="Main" />
      <Form Type="EditForm" Url="EditForm.aspx" SetupPath="pages\form.aspx" WebPartZoneID="Main" />
      <Form Type="NewForm" Url="NewForm.aspx" SetupPath="pages\form.aspx" WebPartZoneID="Main" />
    </Forms>
  </MetaData>
</List>