﻿<?xml version="1.0" encoding="utf-8"?>
<Elements xmlns="http://schemas.microsoft.com/sharepoint/">
  <!-- Parent ContentType: Event (0x0102) -->
  <ContentType ID="0x0102009CA6E9973271449F97884B2F852BF886" Name="PFLMSAScheduleContentType" Group="Fatima Group" Description="Content Type to create MSA Schedule for PFL" Inherits="TRUE" Version="0">
    <FieldRefs>
      <FieldRef ID="{82a0ed5d-1cdd-4f1a-b1c7-af30ba670db1}" DisplayName="PFL Schedule Name" Required="FALSE" Name="PFLScheduleName" />
      <FieldRef ID="{8bdbf2e1-eba3-4b55-b2ce-931996e40839}" DisplayName="PFL Schedule Designation" Required="FALSE" Name="PFLScheduleDesignation" />
      <FieldRef ID="{fe1989bf-be0b-4765-b1a2-c5e0dbb73000}" DisplayName="PFL Departments" Required="FALSE" Name="PFLDepartments" />
      <FieldRef ID="{daf99011-f3cb-41ee-a426-8e673303503b}" DisplayName="PFL Section" Required="FALSE" Name="PFLSection" />
      <FieldRef ID="{f7182639-e840-4c5b-8b9d-495b3374ac4a}" DisplayName="PFL Area" Required="FALSE" Name="PFLArea" />
      <FieldRef ID="{393885bf-8a1e-421e-9637-a1146a68e49e}" DisplayName="PFL Email Address" Required="FALSE" Name="PFLEmailAddress" />
      <FieldRef ID="{3da32d6a-863e-437c-b389-e9a1420378c9}" DisplayName="MSA Form Link" Required="FALSE" Name="MSAFormLink" Format="Hyperlink" />
      <FieldRef ID="{bddde797-c25f-40ce-a522-c2caced2708b}" DisplayName="MSA Status" Required="FALSE" Name="MSAStatus" Format="Dropdown" ShowInDisplayForm="FALSE" ShowInEditForm="FALSE" ShowInNewForm="FALSE" />
    </FieldRefs>
  </ContentType>
</Elements>
