﻿<?xml version="1.0" encoding="utf-8"?>
<Feature xmlns="http://schemas.microsoft.com/sharepoint/" Title="SL.FG.PFL Feature1" Id="7d0b2df1-e201-4d27-8ed5-eb80e2e20f22" Scope="Site">
  <ElementManifests>
    <ElementManifest Location="AreaInstance\Elements.xml" />
    <ElementManifest Location="Area\Elements.xml" />
    <ElementFile Location="Area\Schema.xml" />
    <ElementManifest Location="CommonDictionaryInstance\Elements.xml" />
    <ElementManifest Location="CommonDictionary\Elements.xml" />
    <ElementFile Location="CommonDictionary\Schema.xml" />
    <ElementManifest Location="DepartmentInstance\Elements.xml" />
    <ElementManifest Location="Department\Elements.xml" />
    <ElementFile Location="Department\Schema.xml" />
    <ElementManifest Location="SectionInstance\Elements.xml" />
    <ElementManifest Location="Section\Elements.xml" />
    <ElementFile Location="Section\Schema.xml" />
    <ElementManifest Location="MSAInstance\Elements.xml" />
    <ElementManifest Location="MSA\Elements.xml" />
    <ElementFile Location="MSA\Schema.xml" />
    <ElementManifest Location="MSAContactDetailInstance\Elements.xml" />
    <ElementManifest Location="MSAContactDetail\Elements.xml" />
    <ElementFile Location="MSAContactDetail\Schema.xml" />
    <ElementManifest Location="MSARecommendationInstance\Elements.xml" />
    <ElementManifest Location="MSARecommendation\Elements.xml" />
    <ElementFile Location="MSARecommendation\Schema.xml" />
    <ElementManifest Location="MSAForm\Elements.xml" />
    <ElementFile Location="MSAForm\MSAForm.webpart" />
    <ElementManifest Location="MSARecommendationForm\Elements.xml" />
    <ElementFile Location="MSARecommendationForm\MSARecommendationForm.webpart" />
    <ElementManifest Location="WorkQueue\Elements.xml" />
    <ElementFile Location="WorkQueue\WorkQueue.webpart" />
    <ElementManifest Location="AddEventsToMSASchedule\Elements.xml" />
    <ElementFile Location="AddEventsToMSASchedule\AddEventsToMSASchedule.webpart" />
    <ElementManifest Location="PFLArea\Elements.xml" />
    <ElementManifest Location="PFLDepartments\Elements.xml" />
    <ElementManifest Location="PFLEmailAddress\Elements.xml" />
    <ElementManifest Location="PFLScheduleDesignation\Elements.xml" />
    <ElementManifest Location="PFLScheduleName\Elements.xml" />
    <ElementManifest Location="PFLSection\Elements.xml" />
    <ElementManifest Location="MSAFormLink\Elements.xml" />
    <ElementManifest Location="MSAStatus\Elements.xml" />
    <ElementManifest Location="PFLMSAScheduleContentType\Elements.xml" />
    <ElementManifest Location="MSAScheduleInstance\Elements.xml" />
    <ElementManifest Location="MSASchedule\Elements.xml" />
    <ElementFile Location="MSASchedule\Schema.xml" />
    <ElementManifest Location="AddLinkToMSA\Elements.xml" />
    <ElementManifest Location="MasterPage\Elements.xml" />
    <ElementFile Location="MasterPage\System_FG_bootstrap-3.master" />
    <ElementManifest Location="IRBInstance\Elements.xml" />
    <ElementManifest Location="IRB\Elements.xml" />
    <ElementFile Location="IRB\Schema.xml" />
    <ElementManifest Location="IRAForm\Elements.xml" />
    <ElementFile Location="IRAForm\IRAForm.webpart" />
    <ElementManifest Location="IRBForm\Elements.xml" />
    <ElementFile Location="IRBForm\IRBForm.webpart" />
    <ElementManifest Location="IRRecommendationForm\Elements.xml" />
    <ElementFile Location="IRRecommendationForm\IRRecommendationForm.webpart" />
    <ElementManifest Location="IRRecommendationOnJobInstance\Elements.xml" />
    <ElementManifest Location="IRRecommendationOnJob\Elements.xml" />
    <ElementFile Location="IRRecommendationOnJob\Schema.xml" />
    <ElementManifest Location="IRRecommendationOffJobInstance\Elements.xml" />
    <ElementManifest Location="IRRecommendationOffJob\Elements.xml" />
    <ElementFile Location="IRRecommendationOffJob\Schema.xml" />
  </ElementManifests>
</Feature>
