﻿<?xml version="1.0" encoding="utf-8"?>
<List xmlns:ows="Microsoft SharePoint" Title="MSASchedule" Direction="$Resources:Direction;" Url="Lists/MSASchedule" EnableContentTypes="TRUE" MultipleTypes="TRUE" BaseType="0" xmlns="http://schemas.microsoft.com/sharepoint/">
  <MetaData>
    <ContentTypes>
      
    <ContentType ID="0x01001803892c2f4e492e923119c05369f686" Name="ListFieldsContentType"><FieldRefs><FieldRef ID="{fa564e0f-0c70-4ab9-b863-0177e6ddd247}" Name="Title" /><FieldRef ID="{64cd368d-2f95-4bfc-a1f9-8d4324ecb007}" Name="EventDate" /><FieldRef ID="{2684f9f2-54be-429f-ba06-76754fc056bf}" Name="EndDate" /><FieldRef ID="{82a0ed5d-1cdd-4f1a-b1c7-af30ba670db1}" Name="PFLScheduleName" /><FieldRef ID="{8bdbf2e1-eba3-4b55-b2ce-931996e40839}" Name="PFLScheduleDesignation" /><FieldRef ID="{fe1989bf-be0b-4765-b1a2-c5e0dbb73000}" Name="PFLDepartments" /><FieldRef ID="{daf99011-f3cb-41ee-a426-8e673303503b}" Name="PFLSection" /><FieldRef ID="{f7182639-e840-4c5b-8b9d-495b3374ac4a}" Name="PFLArea" /><FieldRef ID="{393885bf-8a1e-421e-9637-a1146a68e49e}" Name="PFLEmailAddress" /><FieldRef ID="{3da32d6a-863e-437c-b389-e9a1420378c9}" Name="MSAFormLink" /><FieldRef ID="{bddde797-c25f-40ce-a522-c2caced2708b}" Name="MSAStatus" /></FieldRefs></ContentType><ContentType ID="0x0102009CA6E9973271449F97884B2F852BF886" Name="PFLMSAScheduleContentType" Group="Fatima Group" Description="Content Type to create MSA Schedule for PFL" Inherits="TRUE" Version="0"><FieldRefs><FieldRef ID="{82a0ed5d-1cdd-4f1a-b1c7-af30ba670db1}" DisplayName="PFL Schedule Name" Required="FALSE" Name="PFLScheduleName" /><FieldRef ID="{8bdbf2e1-eba3-4b55-b2ce-931996e40839}" DisplayName="PFL Schedule Designation" Required="FALSE" Name="PFLScheduleDesignation" /><FieldRef ID="{fe1989bf-be0b-4765-b1a2-c5e0dbb73000}" DisplayName="PFL Departments" Required="FALSE" Name="PFLDepartments" /><FieldRef ID="{daf99011-f3cb-41ee-a426-8e673303503b}" DisplayName="PFL Section" Required="FALSE" Name="PFLSection" /><FieldRef ID="{f7182639-e840-4c5b-8b9d-495b3374ac4a}" DisplayName="PFL Area" Required="FALSE" Name="PFLArea" /><FieldRef ID="{393885bf-8a1e-421e-9637-a1146a68e49e}" DisplayName="PFL Email Address" Required="FALSE" Name="PFLEmailAddress" /><FieldRef ID="{3da32d6a-863e-437c-b389-e9a1420378c9}" DisplayName="MSA Form Link" Required="FALSE" Name="MSAFormLink" Format="Hyperlink" /><FieldRef ID="{bddde797-c25f-40ce-a522-c2caced2708b}" DisplayName="MSA Status" Required="FALSE" Name="MSAStatus" Format="Dropdown" ShowInDisplayForm="FALSE" ShowInEditForm="FALSE" ShowInNewForm="FALSE" /></FieldRefs></ContentType></ContentTypes>
    <Fields>
      
      
      
      
      
      
      
      
      
      
      
      
      
      
      
      
      
      
      
      
      
      
      
      
    <Field ID="{fa564e0f-0c70-4ab9-b863-0177e6ddd247}" Type="Text" Name="Title" DisplayName="$Resources:core,Title;" Required="FALSE" SourceID="http://schemas.microsoft.com/sharepoint/v3" StaticName="Title" MaxLength="255" /><Field Type="DateTime" ID="{64cd368d-2f95-4bfc-a1f9-8d4324ecb007}" Name="EventDate" DisplayName="$Resources:core,Start_Time;" Format="DateTime" Sealed="TRUE" Required="TRUE" FromBaseType="TRUE" Filterable="FALSE" FilterableNoRecurrence="TRUE" SourceID="http://schemas.microsoft.com/sharepoint/v3" StaticName="EventDate">
        <Default>[today]</Default>
        <FieldRefs>
          <FieldRef Name="fAllDayEvent" RefType="AllDayEvent" />
        </FieldRefs>
      </Field><Field ID="{2684f9f2-54be-429f-ba06-76754fc056bf}" Type="DateTime" Name="EndDate" DisplayName="$Resources:core,End_Time;" Format="DateTime" Sealed="TRUE" Required="TRUE" Filterable="FALSE" FilterableNoRecurrence="TRUE" Indexed="TRUE" SourceID="http://schemas.microsoft.com/sharepoint/v3" StaticName="EndDate">
        <Default>[today]</Default>
        <FieldRefs>
          <FieldRef Name="fAllDayEvent" RefType="AllDayEvent" />
        </FieldRefs>
      </Field><Field ID="{82a0ed5d-1cdd-4f1a-b1c7-af30ba670db1}" Name="PFLScheduleName" DisplayName="PFL Schedule Name" Type="User" Required="FALSE" Group="Fatima Group"></Field><Field ID="{8bdbf2e1-eba3-4b55-b2ce-931996e40839}" Name="PFLScheduleDesignation" DisplayName="PFL Schedule Designation" Type="Text" Required="FALSE" Group="Fatima Group"></Field><Field ID="{fe1989bf-be0b-4765-b1a2-c5e0dbb73000}" Name="PFLDepartments" DisplayName="PFL Departments" Type="Text" Required="FALSE" Group="Fatima Group"></Field><Field ID="{daf99011-f3cb-41ee-a426-8e673303503b}" Name="PFLSection" DisplayName="PFL Section" Type="Text" Required="FALSE" Group="Fatima Group"></Field><Field ID="{f7182639-e840-4c5b-8b9d-495b3374ac4a}" Name="PFLArea" DisplayName="PFL Area" Type="Text" Required="FALSE" Group="Fatima Group"></Field><Field ID="{393885bf-8a1e-421e-9637-a1146a68e49e}" Name="PFLEmailAddress" DisplayName="PFL Email Address" Type="Text" Required="FALSE" ShowInDisplayForm="FALSE" ShowInEditForm="FALSE" ShowInNewForm="FALSE" Group="Fatima Group"></Field><Field ID="{3da32d6a-863e-437c-b389-e9a1420378c9}" Name="MSAFormLink" DisplayName="MSA Form Link" Type="URL" Format="Hyperlink" Required="FALSE" Group="Fatima Group"></Field><Field ID="{bddde797-c25f-40ce-a522-c2caced2708b}" Name="MSAStatus" DisplayName="MSA Status" Type="Choice" Format="Dropdown" BaseType="Text" FillInChoice="FALSE" Required="FALSE" ShowInDisplayForm="FALSE" ShowInEditForm="FALSE" ShowInNewForm="FALSE" Group="Fatima Group"><CHOICES><CHOICE>Not Started</CHOICE><CHOICE>Completed</CHOICE><CHOICE>Completed (Late)</CHOICE><CHOICE>Waived</CHOICE><CHOICE>Overdue</CHOICE></CHOICES><Default>Not Started</Default></Field></Fields>
    <Views>
      
      
      
      
    <View BaseViewID="0" Type="HTML" RecurrenceRowset="TRUE" TabularView="FALSE" MobileView="TRUE">
        <Toolbar Type="Standard" />
        <XslLink>main.xsl</XslLink>
        <Query>
          <Where>
            <DateRangesOverlap>
              <FieldRef Name="EventDate"></FieldRef>
              <FieldRef Name="EndDate"></FieldRef>
              <FieldRef Name="RecurrenceID"></FieldRef>
              <Value Type="DateTime">
                <Now />
              </Value>
            </DateRangesOverlap>
          </Where>
        </Query>
        <ParameterBindings>
          <ParameterBinding Name="NoAnnouncements" Location="Resource(wss,noevents_toaddeventclickaddnewevent)" />
          <ParameterBinding Name="NoAnnouncementsHowTo" Location="Resource(wss,noevents_toaddeventclickaddnewevent_howto)" />
          <ParameterBinding Name="AddNewAnnouncement" Location="Resource(wss,AddNewEvent)" />
          <ParameterBinding Name="MoreAnnouncements" Location="Resource(wss,more_events)" />
        </ParameterBindings>
        <ViewFields>
          
          
          
          
        <FieldRef Name="EventDate" Explicit="TRUE"></FieldRef><FieldRef Name="LinkTitleNoMenu" Explicit="TRUE"></FieldRef><FieldRef Name="Description" Explicit="TRUE"></FieldRef><FieldRef Name="fRecurrence" Explicit="TRUE"></FieldRef></ViewFields>
        <RowLimit>10</RowLimit>
        <Query>
          <OrderBy>
            <FieldRef Name="EventDate"></FieldRef>
          </OrderBy>
        </Query>
      </View><View BaseViewID="1" Type="HTML" WebPartZoneID="Main" DisplayName="$Resources:core,userinfo_schema_alleventsview;" MobileView="TRUE" SetupPath="pages\viewpage.aspx" ImageUrl="/_layouts/15/images/events.png?rev=23" Url="AllItems.aspx" DefaultBaseView="TRUE">
        <Toolbar Type="Standard" />
        <XslLink Default="TRUE">main.xsl</XslLink>
        <JSLink>clienttemplates.js</JSLink>
        <RowLimit Paged="TRUE">300</RowLimit>
        <ParameterBindings>
          <ParameterBinding Name="NoAnnouncements" Location="Resource(wss,noXinviewofY_LIST)" />
          <ParameterBinding Name="NoAnnouncementsHowTo" Location="Resource(wss,noXinviewofY_DEFAULT)" />
        </ParameterBindings>
        <ViewFields>
          
          
          
          
          
          
          
        <FieldRef Name="LinkTitle"></FieldRef><FieldRef Name="EventDate"></FieldRef><FieldRef Name="EndDate"></FieldRef><FieldRef Name="MSAFormLink" /><FieldRef Name="MSAStatus" /><FieldRef Name="PFLArea" /><FieldRef Name="PFLDepartments" /><FieldRef Name="PFLEmailAddress" /><FieldRef Name="PFLScheduleDesignation" /><FieldRef Name="PFLScheduleName" /><FieldRef Name="PFLSection" /></ViewFields>
        <Query>
          <OrderBy>
            
          <FieldRef Name="EventDate"></FieldRef></OrderBy>
        </Query>
      </View><View BaseViewID="2" Type="CALENDAR" WebPartZoneID="Main" DisplayName="$Resources:core,userinfo_schema_calendarview;" MobileView="TRUE" MobileDefaultView="TRUE" SetupPath="pages\viewpage.aspx" ImageUrl="/_layouts/15/images/events.png?rev=23" TabularView="FALSE" Url="calendar.aspx" RecurrenceRowset="TRUE" DefaultView="TRUE" MobileUrl="_layouts/15/mobile/viewdaily.aspx">
        <Toolbar Type="Standard" />
        <ParameterBindings>
          <ParameterBinding Name="NoAnnouncements" Location="Resource(wss,noXinviewofY_LIST)" />
          <ParameterBinding Name="NoAnnouncementsHowTo" Location="Resource(wss,noXinviewofY_DEFAULT)" />
        </ParameterBindings>
        <ViewFields>
          
          
          
          
          
          
          
          
          
          
          
        <FieldRef Name="EventDate"></FieldRef><FieldRef Name="EndDate"></FieldRef><FieldRef Name="Title"></FieldRef><FieldRef Name="PFLScheduleName" /><FieldRef Name="PFLScheduleDesignation" /><FieldRef Name="PFLDepartments" /><FieldRef Name="PFLSection" /><FieldRef Name="PFLArea" /><FieldRef Name="PFLEmailAddress" /><FieldRef Name="MSAFormLink" /><FieldRef Name="MSAStatus" /></ViewFields>
        <ViewData>
          <FieldRef Name="Title" Type="CalendarMonthTitle"></FieldRef>
          <FieldRef Name="Title" Type="CalendarWeekTitle"></FieldRef>
          <FieldRef Name="Location" Type="CalendarWeekLocation"></FieldRef>
          <FieldRef Name="Title" Type="CalendarDayTitle"></FieldRef>
          <FieldRef Name="Location" Type="CalendarDayLocation"></FieldRef>
        </ViewData>
        <Query>
          <Where>
            <DateRangesOverlap>
              <FieldRef Name="EventDate"></FieldRef>
              <FieldRef Name="EndDate"></FieldRef>
              <FieldRef Name="RecurrenceID"></FieldRef>
              <Value Type="DateTime">
                <Month></Month>
              </Value>
            </DateRangesOverlap>
          </Where>
        </Query>
      </View><View BaseViewID="3" Type="HTML" WebPartZoneID="Main" DisplayName="$Resources:core,userinfo_schema_curreventsview;" MobileView="TRUE" SetupPath="pages\viewpage.aspx" ImageUrl="/_layouts/15/images/events.png?rev=23" Url="MyItems.aspx" ReqAuth="TRUE" RecurrenceRowset="TRUE">
        <Toolbar Type="Standard" />
        <XslLink Default="TRUE">main.xsl</XslLink>
        <JSLink>clienttemplates.js</JSLink>
        <ParameterBindings>
          <ParameterBinding Name="NoAnnouncements" Location="Resource(wss,noXinviewofY_LIST)" />
          <ParameterBinding Name="NoAnnouncementsHowTo" Location="Resource(wss,noXinviewofY_DEFAULT)" />
        </ParameterBindings>
        <ViewFields>
          
          
          
          
          
          
          
        <FieldRef Name="LinkTitle"></FieldRef><FieldRef Name="EventDate"></FieldRef><FieldRef Name="EndDate"></FieldRef></ViewFields>
        <Query>
          <Where>
            <DateRangesOverlap>
              <FieldRef Name="EventDate" />
              <FieldRef Name="EndDate" />
              <FieldRef Name="RecurrenceID" />
              <Value Type="DateTime">
                <Now></Now>
              </Value>
            </DateRangesOverlap>
          </Where>
          <OrderBy>
            
          <FieldRef Name="EventDate"></FieldRef></OrderBy>
        </Query>
      </View></Views>
    <Forms>
      <Form Type="DisplayForm" Url="DispForm.aspx" SetupPath="pages\form.aspx" WebPartZoneID="Main" />
      <Form Type="EditForm" Url="EditForm.aspx" SetupPath="pages\form.aspx" WebPartZoneID="Main" />
      <Form Type="NewForm" Url="NewForm.aspx" SetupPath="pages\form.aspx" WebPartZoneID="Main" />
    </Forms>
  </MetaData>
</List>
